e385830ecacd2d9e.jpg,c335971e8acd609e.jpg
e8212ddeec024fec.jpg,e8210ddefc024fec.jpg
a56292dadb618d95.jpg,af6292db1b611d98.jpg
e8a5c38f9f9828d8.jpg,e8e5c38f8f18a05d.jpg
e13fb40087e0fec6.jpg,e0bbf620c7c0ce87.jpg
b80898e11fa17f1f.jpg,b80898e11f81ff1f.jpg
b53c9ab0c9e4f0c9.jpg,f528cbb0c5c1f0cd.jpg
c738d13e73467988.jpg,c738d13e7146798c.jpg
f3dc17a2b20d48ec.jpg,90a5341f227ce5f9.jpg
9886c704f93a79b3.jpg,98864714f96a75d5.jpg
ff3fd02a82ad8a84.jpg,fc5fd028d2a988f4.jpg
86f963a16e70345e.jpg,9fc321ce60a69f0b.jpg
ba91919fda5f00f0.jpg,ab95958fca4e007e.jpg
abf0b5819f028f0f.jpg,abf0b5a0df028b17.jpg
bd84d4dacaf8cb40.jpg,f585d0d2caeaeb02.jpg
f8228796cfdae848.jpg,b8828287cfdafc49.jpg
bfa2d0bad0d22959.jpg,ba2092abd0faa95b.jpg
e087f27e83f008e7.jpg,e087a7fe83c00acf.jpg
d89062fbf4452a9e.jpg,d0806bfbf9452693.jpg
faf5d5868a0ac9b0.jpg,aaf5d596828adac8.jpg
a484c39f9fd861d8.jpg,b0e0cf9f9e98e188.jpg
f0daf0c0828f9f0f.jpg,e0fec0c0838bcf8f.jpg
f891839e8f342e72.jpg,f891c19fbf301233.jpg
a9b095bedada5805.jpg,a1a1d5a4cada586f.jpg
ba99260ef46b18cb.jpg,b7b0edd58a858217.jpg
a8e291e1da57596a.jpg,a8eb95c7d85e482a.jpg
bd92c0694632d73b.jpg,bf9ac0e9c6628633.jpg
b4e4c9424f79335a.jpg,b465cbd64c19725a.jpg
f6f1160be38a48d5.jpg,f6f11e0fe38a08c5.jpg
a7e613159fb22859.jpg,b5ec52491e3349ce.jpg
e9e8ad35c5871d06.jpg,9ada65c5b0cc9a3c.jpg
f196f11a99d91ce0.jpg,f392f11919991cea.jpg
e787c35e0f0c34e8.jpg,e586c25e0f1c3c79.jpg
ab91d1a9d4b49a6c.jpg,abb0d5a9d4b4985c.jpg
a5a687b1ca8a595e.jpg,a59497a1da8a49de.jpg
e90e1ac8b7e7aa50.jpg,e90e1acab7e5aa50.jpg
c4e8843569247fcf.jpg,c46a85b46b643acf.jpg
bcdad04d9d24ab4c.jpg,b4dad04d896dcb25.jpg
d7ec32d72c84dc18.jpg,9fad869f21b5b240.jpg
af08a3a0ff35c0c7.jpg,fe0883b0bb75a0cd.jpg
ff88c51c70b0e2d6.jpg,ff08c71cf0b42ba2.jpg
c6e4efce38d81419.jpg,c2ccaf86b8d9549a.jpg
ca782c131f5ce0fc.jpg,e5f27342ce1cb9a0.jpg
e1e39f8809c7349d.jpg,e9c39fa809c7341d.jpg
aa542048ebf78bf4.jpg,aa142048eff78bf4.jpg
fc01c79c9ee107e1.jpg,fc01c2dc8fa99de0.jpg
d2266ac99461e9db.jpg,c1753cad2f31d492.jpg
94c83b2d5fad6924.jpg,90f99ee1c1132bb6.jpg
fa9f95c2daca0905.jpg,f09697d6dada8805.jpg
cc73e005cc36f31e.jpg,cc73e025cc36d31e.jpg
c1a56069de75b899.jpg,f2c798246a0a9bdd.jpg
8dbeda49894d522e.jpg,9c968ac989ed332e.jpg,afbe5641896d522a.jpg
e83f715e56462a31.jpg,d0c766bc38e1978c.jpg
8dbeda49894d522e.jpg,afbe5641896d522a.jpg
f8ab8597dc92d411.jpg,faca978fda90d011.jpg
dea33c5c0347aa4d.jpg,d3945c098edc9dd1.jpg
892ec13c8b783fca.jpg,a91ec1bc0b783f43.jpg
bb1891fa8c61e663.jpg,aa0e969518e15d3f.jpg
ab83c05147c3cfe6.jpg,ab83c0d147c3db66.jpg
b594d286ddcfc0c8.jpg,b490da8ddc8dc4ce.jpg
e22e8a365cd1ea5c.jpg,e22e9a365cd1ea58.jpg
b4c0c0b7cdd0b4f9.jpg,ffe4c0878d50b4b8.jpg
f7d233d11aa8496c.jpg,94b42695f24dad36.jpg
c15d3d3ae123c547.jpg,c1583d30e0e1d5f7.jpg
ec83c7c04a1e9db9.jpg,85897ea7f064b26a.jpg
dfbdc047068b063d.jpg,cebdc20f67838631.jpg
ae5074cfc9183763.jpg,965295a64a97859f.jpg
afebd604ca06093f.jpg,afe996c30a0e0d3e.jpg
c53b9e87215c6ac5.jpg,c5339e87235c6ac5.jpg
f5e4c2f7849a8c91.jpg,f4a0c077c79a8cd9.jpg
eec64e8cf1c8d0c6.jpg,e51690d8ad307dcb.jpg
e11be7f110de8f80.jpg,e13be7f1105e8f80.jpg
a8e895e5aad453a5.jpg,a8e895f5aa54d2a5.jpg
83e3d2369933c5d2.jpg,83e3d2329933c5f2.jpg
dfcc6b28063a88fc.jpg,dfc86b180e3ac8f8.jpg
f4cba4a7294d6585.jpg,d64460a3b19f1cfc.jpg
d0b487c76e8e3278.jpg,e0b4a7c3e88e7332.jpg
f0cb879e4a1b35c1.jpg,f0cb859beb1b30c1.jpg
aaac95caca4b8d2d.jpg,a8bdb4cac84b98cd.jpg
a9b2e4b09297bc2b.jpg,d1f01e8d8a73274d.jpg
cdf892b5b4865859.jpg,82ba3e933947b097.jpg
8dbeda49894d522e.jpg,9c968ac989ed332e.jpg
dbee22785d9285c4.jpg,c5aff2e545d0a129.jpg
fcc4c8bf387015c5.jpg,fcc4c8fe30300dcf.jpg
b5369279d9c1c949.jpg,f474927ad9c0e88d.jpg
e03496c3d9ddc1c9.jpg,a03497c399c9c7d9.jpg
a8aa915abe68b565.jpg,aaa3955ad262b56c.jpg
c9d63696629107ed.jpg,8f5263c61a8cdbe2.jpg
8c0731fff680c51e.jpg,df90901ccb664de6.jpg
a5add7c29c8a9899.jpg,a4a5d6d69e9a981c.jpg
d58ad09e28df7825.jpg,bd0a909f69c97865.jpg
e7ecc583d571d202.jpg,a3bb604d8a55995d.jpg
e8bd8ac4d982dd83.jpg,e8a58ad4d9829f33.jpg
c03ec9c12c87377e.jpg,d03fcce03447353e.jpg
f90738a0d2f2c1db.jpg,bd8088cdad5f65e0.jpg
f47ad2a2ca934d8a.jpg,f47ed2a14ac36998.jpg
ebd19f1c549a1ad0.jpg,ebd19f9c549a12d0.jpg
aba437d04a0997dd.jpg,afa074d04a8d25df.jpg
d89c9cda9274322f.jpg,d89d9ede82743229.jpg
ba2e601c8979afe2.jpg,9a2e269c1969bfe0.jpg
b88dc8ce8d8f0ad9.jpg,b8a7cac8958b98d9.jpg
b4ae98a3ad52c939.jpg,bc2a94a2af52da69.jpg
95bc383078d273b3.jpg,953f3074707063b7.jpg
d70f6330fb5a090d.jpg,d70f2230fb5a093d.jpg
d2d9c2bca7a72458.jpg,d1dec0973c2cf4a1.jpg
848d9f9e82d18e5e.jpg,949b6595a5b8ca3c.jpg
